cnt_DstIP,cnt_DstPrt,cnt_PktCntCtgry,cnt_Proto,cnt_SrcIP,cnt_SrcPrt,len_DstIP,len_DstPrt,len_PktCntCtgry,len_Proto,len_SrcIP,len_SrcPrt,time
0.0,0.0,0.0,0.0,0.0,0.0,0.0,0.0,0.0,0.0,0.0,0.0,0.0
0.0,0.0,0.0,0.0,0.0,0.0,0.0,0.0,0.0,0.0,0.0,0.0,10.0
0.0,0.0,0.0,0.0,0.0,0.0,0.0,0.0,0.0,0.0,0.0,0.0,20.0
0.0,0.0,0.0,0.0,0.0,0.0,0.0,0.0,0.0,0.0,0.0,0.0,30.0
0.0,0.0,0.0,0.0,0.0,0.0,0.0,0.0,0.0,0.0,0.0,0.0,40.0
0.0,0.0,0.0,0.0,0.0,0.0,0.0,0.0,0.0,0.0,0.0,0.0,50.0
0.0,0.0,0.0,0.0,0.0,0.0,0.0,0.0,0.0,0.0,0.0,0.0,60.0
0.5783250331878662,1.0877612829208374,0.0,0.0,1.0062146186828613,2.63934063911438,0.5647926330566406,1.1125755310058594,0.0,0.0,1.0255136489868164,2.6245012283325195,70.0
0.20419931411743164,0.5459499359130859,0.0,0.0,0.4667332172393799,4.133535385131836,0.23337650299072266,0.5351433753967285,0.0,0.0,0.4691286087036133,4.145567893981934,80.0
1.3533974885940552,1.4474444389343262,0.0,0.0,1.203308343887329,2.791341781616211,0.6414279937744141,1.6230883598327637,0.0,0.0,0.7531676292419434,1.0956363677978516,90.0
0.7254154682159424,0.6652343273162842,0.0,0.0,0.6467504501342773,4.273543834686279,0.7740716934204102,0.9005904197692871,0.0,0.0,0.8618416786193848,4.1322126388549805,100.0
0.2530674934387207,0.8583343029022217,0.0,0.0,0.7355425357818604,4.002013206481934,0.1614236831665039,1.621800422668457,0.0,0.0,0.9588375091552734,2.284914970397949,110.0
1.414320468902588,0.9269387722015381,0.0,0.0,0.8836171627044678,3.4224143028259277,1.5005364418029785,0.9158086776733398,0.0,0.0,0.8738980293273926,3.41780948638916,120.0
0.7094998359680176,1.015012502670288,2.384185791015625e-07,2.384185791015625e-07,0.910386323928833,3.767451047897339,0.758427619934082,1.0580377578735352,0.0,0.0,0.9488143920898438,3.756373882293701,130.0
1.0706734657287598,1.606766939163208,0.0,0.0,1.3873834609985352,3.8942933082580566,1.1121907234191895,1.6168198585510254,0.0,0.0,1.3895702362060547,3.8931961059570312,140.0
1.6599392890930176,1.7174752950668335,0.0,0.0,1.424842119216919,2.423725128173828,0.6701793670654297,1.95151948928833,0.0,0.0,1.115746021270752,0.8623275756835938,150.0
0.46782469749450684,0.9114885330200195,0.0,0.0,0.7473757266998291,4.180587291717529,0.5237817764282227,0.8807435035705566,0.0,0.0,0.7390389442443848,4.210817337036133,160.0
0.6879162788391113,0.8707771301269531,0.0,0.0,0.721463680267334,4.127352714538574,0.7458739280700684,1.0151262283325195,0.0,0.0,0.8213777542114258,4.0506181716918945,170.0
0.47875308990478516,0.8201782703399658,0.0,0.0,0.7394518852233887,3.9216983318328857,0.537482738494873,0.8750967979431152,0.0,0.0,0.7909088134765625,3.912766933441162,180.0
0.40053820610046387,0.7464785575866699,0.0,0.0,0.7212731838226318,3.861020803451538,0.4058084487915039,0.7607321739196777,-4.76837158203125e-07,-4.76837158203125e-07,0.7335906028747559,3.8565120697021484,190.0
0.43056797981262207,1.1230413913726807,0.0,0.0,0.9737279415130615,3.910320997238159,0.4502229690551758,1.160611629486084,0.0,0.0,1.0017971992492676,3.894711971282959,200.0
0.17632603645324707,0.41408681869506836,0.0,0.0,0.41408681869506836,3.9852294921875,0.1874852180480957,0.42215585708618164,-4.76837158203125e-07,-4.76837158203125e-07,0.42215585708618164,3.985283613204956,210.0
0.16702604293823242,0.3927431106567383,0.0,0.0,0.3927431106567383,4.0568437576293945,0.17766475677490234,0.4005270004272461,0.0,0.0,0.4005270004272461,4.056883811950684,220.0
0.16068077087402344,0.4381418228149414,2.384185791015625e-07,2.384185791015625e-07,0.37595629692077637,3.9081063270568848,0.09200382232666016,1.4334807395935059,0.0,0.0,0.7203025817871094,2.0197877883911133,230.0
0.0700540542602539,0.0700540542602539,0.0,0.0,0.0700540542602539,4.330733299255371,0.0746774673461914,0.0746774673461914,0.0,0.0,0.0746774673461914,4.330690383911133,240.0
0.0825653076171875,0.16486525535583496,0.0,0.0,0.16486525535583496,4.127134323120117,0.08784675598144531,0.1753830909729004,0.0,0.0,0.1753830909729004,4.1270294189453125,250.0
0.3219788074493408,0.5340802669525146,0.0,0.0,0.5150899887084961,4.214498519897461,0.31820058822631836,0.5355668067932129,0.0,0.0,0.5149936676025391,4.212361812591553,260.0
0.18750524520874023,0.2990245819091797,0.0,0.0,0.2990245819091797,4.338935852050781,0.17725849151611328,0.27150726318359375,0.0,0.0,0.27150726318359375,4.341010093688965,270.0
0.0,0.17389678955078125,0.0,0.0,0.17389678955078125,4.03654146194458,4.76837158203125e-07,0.16799306869506836,4.76837158203125e-07,4.76837158203125e-07,0.16799306869506836,4.037474632263184,280.0
0.0,0.0,0.0,0.0,0.0,4.204692840576172,0.0,0.0,0.0,0.0,0.0,4.204692840576172,290.0
0.0,0.07081031799316406,0.0,0.0,0.07081031799316406,4.317488193511963,0.0,0.07547950744628906,0.0,0.0,0.07547950744628906,4.317444324493408,300.0
0.0678868293762207,0.33779191970825195,0.0,0.0678868293762207,0.33779191970825195,4.29925537109375,0.10176849365234375,0.36038875579833984,0.0,0.10176849365234375,0.36038875579833984,4.300256729125977,310.0
0.2202596664428711,0.4506864547729492,0.0,0.0,0.43398404121398926,4.352031230926514,0.1602611541748047,0.8620748519897461,0.0,0.0,0.8200302124023438,3.656543254852295,320.0
0.1384596824645996,0.2762265205383301,0.0,0.06931495666503906,0.2582230567932129,4.325801372528076,0.18786239624023438,0.33195066452026367,0.0,0.11514472961425781,0.30684804916381836,4.320350646972656,330.0
0.06931495666503906,0.1384596824645996,0.0,0.0,0.1384596824645996,4.343805313110352,0.07402229309082031,0.1336688995361328,0.0,0.0,0.1336688995361328,4.343571662902832,340.0
0.07081031799316406,0.07081031799316406,0.0,0.0,0.07081031799316406,4.317488193511963,0.07547950744628906,0.07547950744628906,0.0,0.0,0.07547950744628906,4.317444324493408,350.0
0.25731873512268066,0.5091373920440674,0.0,0.25731873512268066,0.5091373920440674,2.6390573978424072,0.35273027420043945,0.6060247421264648,0.0,0.35273027420043945,0.6060247421264648,2.6276443004608154,360.0
0.0,0.4577970504760742,0.0,0.0,0.35966062545776367,4.240604877471924,0.0,0.4854283332824707,0.0,0.0,0.3798651695251465,4.227773189544678,370.0
0.06586074829101562,0.4577970504760742,0.0,0.0,0.4176039695739746,4.2756147384643555,0.07040119171142578,0.4490513801574707,0.0,0.0,0.40542030334472656,4.28071928024292,380.0
0.0700540542602539,0.27915477752685547,0.0,0.0,0.27915477752685547,4.28736686706543,0.06082630157470703,0.24255752563476562,0.0,0.0,0.24255752563476562,4.293532848358154,390.0
0.0,0.07851600646972656,0.0,0.0,0.07851600646972656,4.18965482711792,0.0,0.0678873062133789,0.0,0.0,0.0678873062133789,4.18943452835083,400.0
0.0,0.0,0.0,0.0,0.0,4.219507694244385,0.0,0.0,0.0,0.0,0.0,4.219508171081543,410.0
-2.384185791015625e-07,-2.384185791015625e-07,-2.384185791015625e-07,-2.384185791015625e-07,-2.384185791015625e-07,3.8712010383605957,0.0,0.0,0.0,0.0,0.0,3.871199369430542,420.0
0.0,0.21188879013061523,0.0,0.0,0.16794443130493164,4.273543834686279,0.0,0.22539854049682617,0.0,0.0,0.17795085906982422,4.269911289215088,430.0
0.2203521728515625,0.6863706111907959,0.0,0.0,0.5927987098693848,4.260910511016846,0.21273136138916016,0.6884374618530273,0.0,0.0,0.5870680809020996,4.25644063949585,440.0
0.06859350204467773,0.2052779197692871,0.0,0.0,0.2052779197692871,4.338935852050781,0.059433937072753906,0.1779460906982422,0.0,0.0,0.1779460906982422,4.341254234313965,450.0
0.0,0.0,0.0,0.0,0.0,3.7135720252990723,0.0,0.0,0.0,0.0,0.0,3.7135701179504395,460.0
0.0,0.0,0.0,0.0,0.0,4.317488193511963,0.0,0.0,0.0,0.0,0.0,4.317489147186279,470.0
0.0,0.0,0.0,0.0,0.0,4.304065227508545,0.0,0.0,0.0,0.0,0.0,4.304066181182861,480.0
0.0,0.0,0.0,0.0,0.0,4.304065227508545,0.0,0.0,0.0,0.0,0.0,4.304066181182861,490.0
0.21455907821655273,0.8377716541290283,0.0,0.0,0.7607550621032715,2.7072696685791016,0.2267131805419922,0.8458652496337891,0.0,0.0,0.7628154754638672,2.707937240600586,500.0
0.0,0.31649065017700195,0.0,0.0,0.2951631546020508,4.089076995849609,0.0,0.2756505012512207,0.0,0.0,0.257692813873291,4.101696491241455,510.0
0.0,0.1478443145751953,0.0,0.0,0.12831878662109375,4.243155002593994,0.0,0.12802886962890625,0.0,0.0,0.11168098449707031,4.245927333831787,520.0
0.0,0.0,0.0,0.0,0.0,3.9889841079711914,0.0,0.0,0.0,0.0,0.0,3.988983154296875,530.0
0.0,0.0,0.0,0.0,0.0,4.110873699188232,-4.76837158203125e-07,-4.76837158203125e-07,-4.76837158203125e-07,-4.76837158203125e-07,-4.76837158203125e-07,4.110873699188232,540.0
0.0,0.0,0.0,0.0,0.0,4.276666164398193,0.0,0.0,0.0,0.0,0.0,4.276666641235352,550.0
0.0825653076171875,0.0825653076171875,0.0,0.0,0.0825653076171875,4.127134323120117,0.08794021606445312,0.08794021606445312,0.0,0.0,0.08794021606445312,4.127080917358398,560.0
0.0,0.24689722061157227,0.0,0.0,0.22453761100769043,4.073975563049316,0.0,0.21466493606567383,0.0,0.0,0.19587993621826172,4.081789970397949,570.0
0.0,0.10473227500915527,0.0,0.0,0.10473227500915527,3.828641414642334,0.0,0.09087610244750977,0.0,0.0,0.09087610244750977,3.828324794769287,580.0
0.0,0.0,0.0,0.0,0.0,3.7376697063446045,0.0,0.0,0.0,0.0,0.0,3.7376675605773926,590.0
0.0,0.0,0.0,0.0,0.0,4.276666164398193,0.0,0.0,0.0,0.0,0.0,4.276666641235352,600.0
0.07237815856933594,0.07237815856933594,0.0,0.0,0.07237815856933594,4.290459632873535,0.07714176177978516,0.07714176177978516,0.0,0.0,0.07714176177978516,4.290414810180664,610.0
0.0,0.07237815856933594,0.0,0.0,0.07237815856933594,4.290459632873535,0.0,0.07714176177978516,0.0,0.0,0.07714176177978516,4.290415287017822,620.0
0.0,0.4465203285217285,0.0,0.0,0.36804795265197754,3.6056416034698486,0.0,0.39214134216308594,0.0,0.0,0.32569169998168945,3.624572515487671,630.0
0.06931495666503906,0.3448448181152344,0.0,0.0,0.3448448181152344,4.271790027618408,0.08292388916015625,0.3483238220214844,0.0,0.0,0.3483238220214844,4.274446487426758,640.0
0.3526754379272461,0.5204935073852539,0.0,0.0,0.4803004264831543,4.339095115661621,0.4047551155090332,0.5677409172058105,0.0,0.0,0.5250658988952637,4.333189964294434,650.0
0.693138599395752,0.9237005710601807,0.0,0.0,0.8543143272399902,4.345718860626221,0.7523431777954102,1.1172733306884766,0.0,0.0,1.020887851715088,4.203312873840332,660.0
0.4324460029602051,0.7032210826873779,0.0,0.0,0.650015115737915,4.3225483894348145,0.4864311218261719,0.8281350135803223,0.0,0.0,0.762965202331543,4.2652268409729,670.0
0.6497330665588379,0.761937141418457,0.0,0.0,0.7324416637420654,4.428927421569824,0.7211508750915527,0.7818412780761719,0.0,0.0,0.7543063163757324,4.432518482208252,680.0
0.4574458599090576,0.4687232971191406,0.0,0.0,0.4687232971191406,4.1372222900390625,0.5366477966308594,0.49059104919433594,0.0,0.0,0.49059104919433594,4.138201713562012,690.0
0.5732290744781494,0.7905635833740234,0.0,0.0,0.7707593441009521,4.094915866851807,0.6011672019958496,0.7995386123657227,0.0,0.0,0.7831516265869141,4.094601631164551,700.0
0.5245094299316406,0.41389012336730957,0.0,0.0,0.41389012336730957,4.394449234008789,0.6092300415039062,0.4632549285888672,0.0,0.0,0.4632549285888672,4.391684532165527,710.0
0.4983086585998535,0.35171031951904297,0.0,0.0,0.35171031951904297,4.382026672363281,0.5773072242736816,0.39907217025756836,0.0,0.0,0.39907217025756836,4.37924337387085,720.0
0.1478443145751953,0.2019362449645996,0.0,0.0,0.2019362449645996,4.2626800537109375,0.1761627197265625,0.21504592895507812,0.0,0.0,0.21504592895507812,4.261674880981445,730.0
0.8369574546813965,0.686434268951416,0.0,0.0,0.686434268951416,4.314454555511475,0.9200778007507324,0.7050356864929199,0.0,0.0,0.7050356864929199,4.314818382263184,740.0
0.23773622512817383,0.26578545570373535,0.0,0.0,0.26578545570373535,4.174387454986572,0.2334609031677246,0.5563440322875977,0.0,0.0,0.5563440322875977,4.013250350952148,750.0
0.07575130462646484,0.1512889862060547,0.0,0.0,0.1512889862060547,4.234106540679932,0.09052658081054688,0.15558385848999023,0.0,0.0,0.15558385848999023,4.233475685119629,760.0
0.07319021224975586,0.07319021224975586,0.0,0.0,0.07319021224975586,4.276666164398193,0.0873403549194336,0.0873403549194336,0.0,0.0,0.0873403549194336,4.276271820068359,770.0
0.0,0.0,0.0,0.0,0.0,4.2626800537109375,0.0,0.0,0.0,0.0,0.0,4.2626800537109375,780.0
0.0,0.35222625732421875,0.0,0.0,0.2897977828979492,4.2101922035217285,0.0,0.37392425537109375,0.0,0.0,0.30666685104370117,4.201684951782227,790.0
0.16794419288635254,0.33422136306762695,2.384185791015625e-07,2.384185791015625e-07,0.33422136306762695,3.2188758850097656,0.17884540557861328,0.3238520622253418,-4.76837158203125e-07,-4.76837158203125e-07,0.3238520622253418,3.2181544303894043,800.0
0.0,0.0,0.0,0.0,0.0,4.077537536621094,0.0,0.0,0.0,0.0,0.0,4.077537536621094,810.0
0.0,0.0,0.0,0.0,0.0,4.290459632873535,0.0,0.0,0.0,0.0,0.0,4.290459632873535,820.0
0.0,0.0,0.0,0.0,0.0,4.2626800537109375,0.0,0.0,0.0,0.0,0.0,4.2626800537109375,830.0
2.384185791015625e-07,2.384185791015625e-07,2.384185791015625e-07,2.384185791015625e-07,2.384185791015625e-07,3.4011974334716797,0.0,0.0,0.0,0.0,0.0,3.4011964797973633,840.0
0.07081031799316406,0.14144086837768555,0.0,0.07081031799316406,0.14144086837768555,4.317488193511963,0.10573291778564453,0.18035507202148438,0.0,0.10573291778564453,0.18035507202148438,4.3150553703308105,850.0
0.0,0.0,0.0,0.0,0.0,4.025351524353027,0.0,0.0,0.0,0.0,0.0,4.025350570678711,860.0
0.0,0.0,0.0,0.0,0.0,4.2626800537109375,0.0,0.0,0.0,0.0,0.0,4.2626800537109375,870.0
0.07575130462646484,0.1512889862060547,0.0,0.07575130462646484,0.1512889862060547,4.234106540679932,0.11283302307128906,0.1925520896911621,0.0,0.11283302307128906,0.1925520896911621,4.231468200683594,880.0
0.0,0.0,0.0,0.0,0.0,4.219507694244385,0.0,0.0,0.0,0.0,0.0,4.219508171081543,890.0
0.0,0.0,0.0,0.0,0.0,4.2626800537109375,0.0,0.0,0.0,0.0,0.0,4.2626800537109375,900.0
0.0,0.0,0.0,0.0,0.0,4.248495101928711,0.0,0.0,0.0,0.0,0.0,4.248496055603027,910.0
0.0,0.0,0.0,0.0,0.0,4.127134323120117,-4.76837158203125e-07,-4.76837158203125e-07,-4.76837158203125e-07,-4.76837158203125e-07,-4.76837158203125e-07,4.127134323120117,920.0
0.07081031799316406,0.14144086837768555,0.0,0.07081031799316406,0.14144086837768555,4.317488193511963,0.10573291778564453,0.18035507202148438,0.0,0.10573291778564453,0.18035507202148438,4.315055847167969,930.0
0.2061924934387207,0.4136476516723633,0.0,0.0,0.3702812194824219,4.28736686706543,0.18212318420410156,0.36367177963256836,0.0,0.0,0.32696962356567383,4.292774200439453,940.0
0.19972658157348633,0.46234655380249023,0.0,0.0,0.42383837699890137,4.199649810791016,0.18968725204467773,0.4161248207092285,0.0,0.0,0.3836202621459961,4.210450172424316,950.0
0.0,0.33779191970825195,0.0,0.0,0.33779191970825195,4.267584323883057,0.0,0.29392528533935547,0.0,0.0,0.29392528533935547,4.282772064208984,960.0
0.0,0.0,0.0,0.0,0.0,4.317488193511963,0.0,0.0,0.0,0.0,0.0,4.317489147186279,970.0
0.0,0.0,0.0,0.0,0.0,4.290459632873535,0.0,0.0,0.0,0.0,0.0,4.290459632873535,980.0
0.0,1.0397207736968994,0.0,0.0,1.0397207736968994,1.0397207736968994,0.0,1.0279459953308105,0.0,0.0,1.0279459953308105,1.0468683242797852,990.0
0.0,0.0,0.0,0.0,0.0,4.343805313110352,0.0,0.0,0.0,0.0,0.0,4.343806743621826,1000.0
0.0,0.0,0.0,0.0,0.0,4.077537536621094,0.0,0.0,0.0,0.0,0.0,4.077537536621094,1010.0
0.07402276992797852,0.1478443145751953,0.0,0.07402276992797852,0.1478443145751953,4.2626800537109375,0.1103525161743164,0.18828964233398438,0.0,0.1103525161743164,0.18828964233398438,4.2601141929626465,1020.0
0.0,0.0,0.0,0.0,0.0,4.276666164398193,0.0,0.0,0.0,0.0,0.0,4.276666641235352,1030.0
0.0,0.0,0.0,0.0,0.0,4.304065227508545,0.0,0.0,0.0,0.0,0.0,4.304066181182861,1040.0
0.0,0.0,0.0,0.0,0.0,4.110873699188232,-4.76837158203125e-07,-4.76837158203125e-07,-4.76837158203125e-07,-4.76837158203125e-07,-4.76837158203125e-07,4.110873699188232,1050.0
0.0,0.0,0.0,0.0,0.0,4.158883094787598,0.0,0.0,0.0,0.0,0.0,4.158883094787598,1060.0
0.0,0.0,0.0,0.0,0.0,4.127134323120117,-4.76837158203125e-07,-4.76837158203125e-07,-4.76837158203125e-07,-4.76837158203125e-07,-4.76837158203125e-07,4.127134323120117,1070.0
0.0,0.0,0.0,0.0,0.0,4.18965482711792,0.0,0.0,0.0,0.0,0.0,4.189655303955078,1080.0
0.0,0.0,0.0,0.0,0.0,4.127134323120117,-4.76837158203125e-07,-4.76837158203125e-07,-4.76837158203125e-07,-4.76837158203125e-07,-4.76837158203125e-07,4.127134323120117,1090.0
0.0,0.0,0.0,0.0,0.0,4.2626800537109375,0.0,0.0,0.0,0.0,0.0,4.2626800537109375,1100.0
0.0,0.0,0.0,0.0,0.0,4.110873699188232,-4.76837158203125e-07,-4.76837158203125e-07,-4.76837158203125e-07,-4.76837158203125e-07,-4.76837158203125e-07,4.110873699188232,1110.0
0.0,0.0,0.0,0.0,0.0,4.248495101928711,0.0,0.0,0.0,0.0,0.0,4.248496055603027,1120.0
2.384185791015625e-07,2.384185791015625e-07,2.384185791015625e-07,2.384185791015625e-07,2.384185791015625e-07,3.97029185295105,4.76837158203125e-07,4.76837158203125e-07,4.76837158203125e-07,4.76837158203125e-07,4.76837158203125e-07,3.9702911376953125,1130.0
0.0,0.0,0.0,0.0,0.0,4.248495101928711,0.0,0.0,0.0,0.0,0.0,4.248496055603027,1140.0
0.0,0.0,0.0,0.0,0.0,4.304065227508545,0.0,0.0,0.0,0.0,0.0,4.304066181182861,1150.0
0.0,0.0,0.0,0.0,0.0,4.276666164398193,0.0,0.0,0.0,0.0,0.0,4.276666641235352,1160.0
0.0,0.0,0.0,0.0,0.0,4.304065227508545,0.0,0.0,0.0,0.0,0.0,4.304066181182861,1170.0
0.0,0.0,0.0,0.0,0.0,4.317488193511963,0.0,0.0,0.0,0.0,0.0,4.317489147186279,1180.0
0.0,0.0,0.0,0.0,0.0,3.6375861167907715,0.0,0.0,0.0,0.0,0.0,3.6375844478607178,1190.0
0.0,0.0,0.0,0.0,0.0,4.234106540679932,0.0,0.0,0.0,0.0,0.0,4.23410701751709,1200.0
0.0,0.0,0.0,0.0,0.0,4.2626800537109375,0.0,0.0,0.0,0.0,0.0,4.2626800537109375,1210.0
0.0,0.0,0.0,0.0,0.0,4.276666164398193,0.0,0.0,0.0,0.0,0.0,4.276666641235352,1220.0
0.0,0.0,0.0,0.0,0.0,4.094344615936279,0.0,0.0,0.0,0.0,0.0,4.094344139099121,1230.0
0.0,0.0,0.0,0.0,0.0,3.6375861167907715,0.0,0.0,0.0,0.0,0.0,3.6375844478607178,1240.0
0.0,0.0,0.0,0.0,0.0,4.290459632873535,0.0,0.0,0.0,0.0,0.0,4.290459632873535,1250.0
0.0,0.0,0.0,0.0,0.0,4.276666164398193,0.0,0.0,0.0,0.0,0.0,4.276666641235352,1260.0
0.0,0.0,0.0,0.0,0.0,4.060442924499512,0.0,0.0,0.0,0.0,0.0,4.0604424476623535,1270.0
0.0,0.0,0.0,0.0,0.0,4.290459632873535,0.0,0.0,0.0,0.0,0.0,4.290459632873535,1280.0
0.0,0.0,0.0,0.0,0.0,4.290459632873535,0.0,0.0,0.0,0.0,0.0,4.290459632873535,1290.0
-2.384185791015625e-07,-2.384185791015625e-07,-2.384185791015625e-07,-2.384185791015625e-07,-2.384185791015625e-07,3.9512436389923096,0.0,0.0,0.0,0.0,0.0,3.951242685317993,1300.0
0.0,0.0,0.0,0.0,0.0,4.304065227508545,0.0,0.0,0.0,0.0,0.0,4.304066181182861,1310.0
0.0,0.0,0.0,0.0,0.0,4.317488193511963,0.0,0.0,0.0,0.0,0.0,4.317489147186279,1320.0
0.0,0.0,0.0,0.0,0.0,4.18965482711792,0.0,0.0,0.0,0.0,0.0,4.189655303955078,1330.0
0.0,0.0,0.0,0.0,0.0,4.317488193511963,0.0,0.0,0.0,0.0,0.0,4.317489147186279,1340.0
2.384185791015625e-07,2.384185791015625e-07,2.384185791015625e-07,2.384185791015625e-07,2.384185791015625e-07,3.2188758850097656,-4.76837158203125e-07,-4.76837158203125e-07,-4.76837158203125e-07,-4.76837158203125e-07,-4.76837158203125e-07,3.2188756465911865,1350.0
0.0,0.0,0.0,0.0,0.0,4.234106540679932,0.0,0.0,0.0,0.0,0.0,4.23410701751709,1360.0
0.0,0.0,0.0,0.0,0.0,4.317488193511963,0.0,0.0,0.0,0.0,0.0,4.317489147186279,1370.0
0.0,0.0,0.0,0.0,0.0,4.330733299255371,0.0,0.0,0.0,0.0,0.0,4.330734729766846,1380.0
0.0,0.0,0.0,0.0,0.0,4.317488193511963,0.0,0.0,0.0,0.0,0.0,4.317489147186279,1390.0
0.0,0.0,0.0,0.0,0.0,4.043051242828369,0.0,0.0,0.0,0.0,0.0,4.043050765991211,1400.0
0.0,0.0,0.0,0.0,0.0,4.276666164398193,0.0,0.0,0.0,0.0,0.0,4.276666641235352,1410.0
0.0,0.0,0.0,0.0,0.0,4.290459632873535,0.0,0.0,0.0,0.0,0.0,4.290459632873535,1420.0
0.0,0.0,0.0,0.0,0.0,4.304065227508545,0.0,0.0,0.0,0.0,0.0,4.304066181182861,1430.0
0.0,0.0,0.0,0.0,0.0,4.304065227508545,0.0,0.0,0.0,0.0,0.0,4.304066181182861,1440.0
0.0,0.0,0.0,0.0,0.0,4.234106540679932,0.0,0.0,0.0,0.0,0.0,4.23410701751709,1450.0
0.0,0.0,0.0,0.0,0.0,4.330733299255371,0.0,0.0,0.0,0.0,0.0,4.330734729766846,1460.0
0.0,0.0,0.0,0.0,0.0,4.290459632873535,0.0,0.0,0.0,0.0,0.0,4.290459632873535,1470.0
0.0,0.0,0.0,0.0,0.0,4.317488193511963,0.0,0.0,0.0,0.0,0.0,4.317489147186279,1480.0
0.0,0.0,0.0,0.0,0.0,4.317488193511963,0.0,0.0,0.0,0.0,0.0,4.317489147186279,1490.0
0.0,0.0,0.0,0.0,0.0,4.290459632873535,0.0,0.0,0.0,0.0,0.0,4.290459632873535,1500.0
0.0,0.0,0.0,0.0,0.0,4.304065227508545,0.0,0.0,0.0,0.0,0.0,4.304066181182861,1510.0
0.0,0.0,0.0,0.0,0.0,4.304065227508545,0.0,0.0,0.0,0.0,0.0,4.304066181182861,1520.0
0.0,0.0,0.0,0.0,0.0,4.304065227508545,0.0,0.0,0.0,0.0,0.0,4.304066181182861,1530.0
0.339569091796875,0.97568678855896,0.0,0.0,0.9441802501678467,4.138485908508301,0.3651547431945801,1.016951560974121,0.0,0.0,0.9833598136901855,4.122368812561035,1540.0
0.5806026458740234,1.2982542514801025,0.0,0.0,1.0002076625823975,3.793041467666626,0.6564855575561523,1.3604249954223633,0.0,0.0,1.0513277053833008,3.7728095054626465,1550.0
0.9719860553741455,0.6784877777099609,0.0,0.0,0.6784877777099609,4.56182861328125,1.0829339027404785,0.7048702239990234,0.0,0.0,0.7048702239990234,4.560776710510254,1560.0
0.8112380504608154,0.914160966873169,0.0,0.0,0.8545355796813965,4.35372257232666,0.9063053131103516,0.9564595222473145,0.0,0.0,0.8944215774536133,4.348179340362549,1570.0
0.995581865310669,0.9918739795684814,0.0,0.0,0.9450528621673584,4.4074201583862305,1.1037778854370117,1.0389518737792969,0.0,0.0,0.9907970428466797,4.397702217102051,1580.0
0.9774410724639893,1.423330307006836,0.0,0.05338430404663086,1.1830041408538818,4.2090559005737305,1.0093207359313965,1.5922589302062988,0.0,0.07066059112548828,1.3185548782348633,4.030294418334961,1590.0
0.48311805725097656,1.385885238647461,0.0,0.10027313232421875,1.3729071617126465,5.442830562591553,0.6024723052978516,1.437540054321289,0.0,0.14588356018066406,1.4064421653747559,5.4173784255981445,1600.0
0.15169620513916016,1.1718835830688477,0.0,0.03222513198852539,1.1783204078674316,6.49699592590332,0.1911773681640625,1.1937742233276367,0.0,0.04595375061035156,1.197373390197754,6.492905616760254,1610.0
0.06754493713378906,1.73579740524292,4.76837158203125e-07,0.0037841796875,2.045929431915283,6.819981098175049,0.08115291595458984,1.7479305267333984,0.0,0.006440162658691406,2.0560131072998047,6.8211517333984375,1620.0
0.05675792694091797,2.00773286819458,0.0,0.019797325134277344,2.287102699279785,7.155777454376221,0.07171249389648438,2.0145111083984375,0.0,0.02696704864501953,2.2930126190185547,7.154273509979248,1630.0
0.04269123077392578,2.406733512878418,0.0,0.02412891387939453,2.7383904457092285,7.338161945343018,0.05952739715576172,2.414219856262207,0.0,0.03468894958496094,2.745065689086914,7.334561347961426,1640.0
0.03921318054199219,2.5613183975219727,0.0,0.025147438049316406,2.8912529945373535,7.791958808898926,0.05727386474609375,2.56900691986084,0.0,0.03625202178955078,2.898834228515625,7.786996364593506,1650.0
0.024057388305664062,2.7874059677124023,0.0,0.016715049743652344,3.1073546409606934,7.871201992034912,0.03460216522216797,2.792257308959961,0.0,0.023942947387695312,3.112290382385254,7.868631362915039,1660.0
0.015002250671386719,2.8821330070495605,0.0,0.016745567321777344,3.1225056648254395,8.014694213867188,0.023815155029296875,2.8858823776245117,0.0,0.02397441864013672,3.1265878677368164,8.011625289916992,1670.0
0.024788856506347656,2.9659037590026855,0.0,0.02554798126220703,3.2150492668151855,8.026047706604004,0.04014301300048828,2.9701004028320312,-9.5367431640625e-07,0.03689384460449219,3.2206926345825195,8.019661903381348,1680.0
0.030592918395996094,3.152402877807617,0.0,0.031996726989746094,3.377112865447998,8.150357246398926,0.05070018768310547,3.161449432373047,9.5367431640625e-07,0.04651451110839844,3.389838218688965,8.132816314697266,1690.0
0.20740604400634766,3.1675453186035156,0.0,0.13630294799804688,3.494248390197754,7.960944652557373,0.3487548828125,3.1674623489379883,0.0,0.19694995880126953,3.504611015319824,7.865395545959473,1700.0
1.1505165100097656,3.1721768379211426,0.0,0.40596675872802734,3.5529541969299316,7.233010768890381,1.7860221862792969,3.0333166122436523,0.0,0.5290079116821289,3.4163570404052734,6.710468769073486,1710.0
0.2845582962036133,3.367912769317627,0.0,0.1961507797241211,3.783357620239258,7.834324836730957,0.46950340270996094,3.3507471084594727,0.0,0.2687215805053711,3.790045738220215,7.691122055053711,1720.0
0.04314422607421875,3.5235462188720703,0.0,0.048935890197753906,3.848724842071533,8.44643497467041,0.07377815246582031,3.5273571014404297,0.0,0.0692291259765625,3.8572330474853516,8.428020477294922,1730.0
0.03671741485595703,3.5633926391601562,0.0,0.04384136199951172,3.8778891563415527,8.38202953338623,0.06267070770263672,3.567251205444336,0.0,0.061705589294433594,3.8858871459960938,8.365198135375977,1740.0
0.04314136505126953,3.617992401123047,0.0,0.04779624938964844,3.9137606620788574,8.399946212768555,0.073486328125,3.621349334716797,0.0,0.06756305694580078,3.9216270446777344,8.381973266601562,1750.0
0.05412101745605469,3.699172019958496,0.0,0.05788135528564453,3.9952096939086914,8.454655647277832,0.0919942855834961,3.7027111053466797,0.0,0.08164501190185547,4.005474090576172,8.428936004638672,1760.0
0.05800151824951172,3.8142194747924805,0.0,0.06183624267578125,4.121013164520264,8.483561515808105,0.09897804260253906,3.8158769607543945,0.0,0.0868539810180664,4.129873275756836,8.457353591918945,1770.0
0.059096336364746094,3.874948501586914,0.0,0.06143760681152344,4.214057445526123,8.546393394470215,0.10011577606201172,3.8768844604492188,0.0,0.0863494873046875,4.222933769226074,8.519584655761719,1780.0
0.06842613220214844,3.9951353073120117,0.0,0.07219886779785156,4.304140567779541,8.544885635375977,0.1163330078125,3.9944992065429688,0.0,0.10066604614257812,4.313920974731445,8.511510848999023,1790.0
0.08387279510498047,4.049399375915527,0.0,0.08412551879882812,4.368298053741455,8.506016731262207,0.1426868438720703,4.046514511108398,0.0,0.11691856384277344,4.377897262573242,8.465150833129883,1800.0
0.0885934829711914,4.081170558929443,0.0,0.0844106674194336,4.366971015930176,8.500103950500488,0.15115070343017578,4.077977180480957,-9.5367431640625e-07,0.11829090118408203,4.376157760620117,8.457544326782227,1810.0
0.08169841766357422,4.115373611450195,9.5367431640625e-07,0.08185195922851562,4.382661819458008,8.551883697509766,0.1392822265625,4.112845420837402,-9.5367431640625e-07,0.11393928527832031,4.392362594604492,8.5120849609375,1820.0
0.09458065032958984,4.120895862579346,0.0,0.09124755859375,4.440999984741211,8.530695915222168,0.1604471206665039,4.1168975830078125,-9.5367431640625e-07,0.12662124633789062,4.451286315917969,8.483222961425781,1830.0
0.08061599731445312,4.1252121925354,-9.5367431640625e-07,0.07985877990722656,4.462666988372803,8.599494934082031,0.13682174682617188,4.123298645019531,0.0,0.1113119125366211,4.472503662109375,8.560540199279785,1840.0
0.0819559097290039,4.142323017120361,0.0,0.08197212219238281,4.490952491760254,8.638219833374023,0.13985919952392578,4.140008926391602,0.0,0.11412620544433594,4.501054763793945,8.596853256225586,1850.0
0.07891464233398438,4.164133548736572,0.0,0.07638740539550781,4.488435745239258,8.671493530273438,0.13430404663085938,4.162550926208496,0.0,0.10703563690185547,4.497715950012207,8.633576393127441,1860.0
0.07731819152832031,4.218014717102051,0.0,0.07701873779296875,4.522089958190918,8.70974063873291,0.13211917877197266,4.215548515319824,0.0,0.10747337341308594,4.530918121337891,8.671720504760742,1870.0
0.06503105163574219,4.25822114944458,0.0,0.065338134765625,4.547072410583496,8.695613861083984,0.11035442352294922,4.257411003112793,0.0,0.09173297882080078,4.555192947387695,8.665243148803711,1880.0
0.08901405334472656,4.287108421325684,0.0,0.08393383026123047,4.5957441329956055,8.656850814819336,0.15131664276123047,4.282817840576172,0.0,0.11702251434326172,4.604206085205078,8.613792419433594,1890.0
0.09166526794433594,4.305304527282715,0.0,0.08632755279541016,4.627504348754883,8.74438190460205,0.155975341796875,4.300754547119141,0.0,0.12025642395019531,4.63676643371582,8.697919845581055,1900.0
0.07011604309082031,4.293766975402832,0.0,0.07210540771484375,4.594515323638916,8.688638687133789,0.11959648132324219,4.291337013244629,0.0,0.10037517547607422,4.603184700012207,8.654844284057617,1910.0
0.0875701904296875,4.2334675788879395,0.0,0.08378028869628906,4.570908546447754,8.645086288452148,0.14908218383789062,4.229601860046387,0.0,0.11677837371826172,4.579843521118164,8.601638793945312,1920.0
0.05621623992919922,4.219484329223633,0.0,0.057883262634277344,4.5365118980407715,8.664997100830078,0.0947265625,4.219356536865234,0.0,0.08119964599609375,4.543971061706543,8.63977336883545,1930.0
0.0737447738647461,4.2469892501831055,0.0,0.07345390319824219,4.525143146514893,8.631939888000488,0.12622737884521484,4.245222091674805,0.0,0.10292243957519531,4.534111022949219,8.59687614440918,1940.0
0.08341217041015625,4.251350402832031,0.0,0.07659721374511719,4.570456027984619,8.678301811218262,0.14177608489990234,4.248964309692383,0.0,0.10784149169921875,4.57861328125,8.639022827148438,1950.0
0.17461872100830078,4.252621650695801,0.0,0.1398153305053711,4.634572982788086,8.463943481445312,0.2918233871459961,4.234169006347656,0.0,0.19198036193847656,4.638932228088379,8.37495231628418,1960.0
0.06663131713867188,4.244724750518799,0.0,0.06682014465332031,4.597736358642578,8.713519096374512,0.11373043060302734,4.243732452392578,0.0,0.0937957763671875,4.6059675216674805,8.683168411254883,1970.0
0.0731201171875,4.269913196563721,0.0,0.07053375244140625,4.622828006744385,8.721572875976562,0.1246805191040039,4.267668724060059,0.0,0.09917926788330078,4.630293846130371,8.687177658081055,1980.0
0.06526756286621094,4.257138252258301,0.0,0.06618785858154297,4.61414909362793,8.721846580505371,0.1111440658569336,4.256157875061035,0.0,0.09269523620605469,4.622413635253906,8.690771102905273,1990.0
0.0710153579711914,4.273001670837402,0.0,0.0710916519165039,4.59605598449707,8.676647186279297,0.12172603607177734,4.271139144897461,0.0,0.099578857421875,4.604318618774414,8.642614364624023,2000.0
0.07462406158447266,4.3023247718811035,0.0,0.07430744171142578,4.630856513977051,8.744523048400879,0.12758255004882812,4.300225257873535,0.0,0.10354804992675781,4.639416694641113,8.708742141723633,2010.0
0.06345462799072266,4.293331623077393,0.0,0.0655984878540039,4.625862121582031,8.69633674621582,0.1085653305053711,4.292560577392578,0.0,0.09170246124267578,4.634187698364258,8.66612434387207,2020.0
0.0653543472290039,4.2944207191467285,0.0,0.06615257263183594,4.618132591247559,8.675785064697266,0.11139106750488281,4.293583869934082,0.0,0.09257793426513672,4.626351356506348,8.645421981811523,2030.0
0.0659646987915039,4.280662536621094,0.0,0.06682205200195312,4.5914764404296875,8.740850448608398,0.11295127868652344,4.279688835144043,0.0,0.09386634826660156,4.600118637084961,8.707857131958008,2040.0
0.06786441802978516,4.291191577911377,0.0,0.06814002990722656,4.61906623840332,8.724749565124512,0.1157379150390625,4.289789199829102,0.0,0.09542465209960938,4.627213478088379,8.692638397216797,2050.0
0.06066131591796875,4.2783989906311035,0.0,0.061676025390625,4.5710906982421875,8.702012062072754,0.10342025756835938,4.277777671813965,-9.5367431640625e-07,0.08681869506835938,4.5787153244018555,8.673784255981445,2060.0
0.06575202941894531,4.281377792358398,0.0,0.06789207458496094,4.608795166015625,8.777512550354004,0.1126852035522461,4.280276298522949,0.0,0.0949544906616211,4.61759090423584,8.745553970336914,2070.0
0.06909656524658203,4.278136253356934,0.0,0.06886863708496094,4.597329139709473,8.74670696258545,0.11766433715820312,4.2769575119018555,0.0,0.09647941589355469,4.6057891845703125,8.714061737060547,2080.0
0.06296253204345703,4.270850658416748,0.0,0.06290721893310547,4.598320484161377,8.75522232055664,0.1074676513671875,4.27025032043457,0.0,0.08869743347167969,4.606070518493652,8.72526741027832,2090.0
0.06014537811279297,4.26235818862915,0.0,0.0621337890625,4.599433898925781,8.760662078857422,0.10293388366699219,4.26190185546875,-9.5367431640625e-07,0.08733749389648438,4.607230186462402,8.73286247253418,2100.0
0.052481651306152344,4.268124580383301,0.0,0.05578136444091797,4.580348014831543,8.762528419494629,0.08994007110595703,4.268414497375488,9.5367431640625e-07,0.07858753204345703,4.588068962097168,8.736895561218262,2110.0
0.04798316955566406,4.26910400390625,0.0,0.052084922790527344,4.567081451416016,8.783220291137695,0.08179759979248047,4.269558906555176,-9.5367431640625e-07,0.07322216033935547,4.574124336242676,8.762578010559082,2120.0
0.05618858337402344,4.230774879455566,0.0,0.056929588317871094,4.5579376220703125,8.755783081054688,0.09595394134521484,4.230912208557129,9.5367431640625e-07,0.08053016662597656,4.565237998962402,8.730827331542969,2130.0
0.06421661376953125,4.227413177490234,0.0,0.06633472442626953,4.56801176071167,8.812167167663574,0.1096343994140625,4.226467132568359,-9.5367431640625e-07,0.09277057647705078,4.576440811157227,8.780654907226562,2140.0
0.11361217498779297,4.2273383140563965,0.0,0.1046304702758789,4.579351425170898,8.67099666595459,0.1927471160888672,4.21922492980957,0.0,0.14472198486328125,4.588353157043457,8.611763954162598,2150.0
0.07699108123779297,4.188226222991943,0.0,0.07235336303710938,4.514310359954834,8.740594863891602,0.1309967041015625,4.186948776245117,-9.5367431640625e-07,0.10197830200195312,4.522697448730469,8.704130172729492,2160.0
0.0677804946899414,4.226382255554199,0.0,0.06750011444091797,4.540581226348877,8.713354110717773,0.1152658462524414,4.225074768066406,0.0,0.09466266632080078,4.548575401306152,8.682182312011719,2170.0
0.07102012634277344,4.242124080657959,0.0,0.0709686279296875,4.5424323081970215,8.808775901794434,0.12132549285888672,4.240653991699219,0.0,0.09935283660888672,4.551379203796387,8.772838592529297,2180.0
0.06015968322753906,4.241046905517578,0.0,0.06183147430419922,4.546423435211182,8.835219383239746,0.1025543212890625,4.240445137023926,-9.5367431640625e-07,0.08670425415039062,4.55402946472168,8.807283401489258,2190.0
0.06596660614013672,4.240705490112305,0.0,0.06546211242675781,4.542896747589111,8.81183910369873,0.1119699478149414,4.239719390869141,-9.5367431640625e-07,0.09193706512451172,4.550886154174805,8.780502319335938,2200.0
0.14644241333007812,4.1992411613464355,0.0,0.12131500244140625,4.564194679260254,8.551218032836914,0.2457294464111328,4.187746047973633,0.0,0.16801071166992188,4.570652008056641,8.47769546508789,2210.0
0.08486461639404297,4.187362194061279,0.0,0.08089256286621094,4.537508010864258,8.750946998596191,0.1447601318359375,4.1847429275512695,0.0,0.11327362060546875,4.546417236328125,8.709299087524414,2220.0
0.06239032745361328,4.2113847732543945,0.0,0.06408977508544922,4.522698402404785,8.754348754882812,0.10663604736328125,4.211065292358398,9.5367431640625e-07,0.08997821807861328,4.531170845031738,8.7247314453125,2230.0
0.057562828063964844,4.259605407714844,0.0,0.05755043029785156,4.540485382080078,8.737727165222168,0.09813785552978516,4.260024070739746,0.0,0.08142375946044922,4.5481767654418945,8.712163925170898,2240.0
0.05835723876953125,4.277909755706787,0.0,0.06095409393310547,4.579685688018799,8.806398391723633,0.09980106353759766,4.277436256408691,0.0,0.08552074432373047,4.587641716003418,8.778038024902344,2250.0
0.05554389953613281,4.284008502960205,0.0,0.05813312530517578,4.616241455078125,8.749613761901855,0.09493541717529297,4.283595085144043,0.0,0.0817117691040039,4.623749732971191,8.72336196899414,2260.0
0.051299095153808594,4.235480785369873,0.0,0.054253578186035156,4.564061164855957,8.728021621704102,0.08758163452148438,4.23621940612793,0.0,0.07623481750488281,4.571554183959961,8.70482063293457,2270.0
0.05195045471191406,4.206609725952148,0.0,0.055205345153808594,4.5178399085998535,8.69777774810791,0.0890665054321289,4.206809997558594,0.0,0.07785320281982422,4.525325775146484,8.674766540527344,2280.0
0.06097221374511719,4.204254627227783,0.0,0.06368160247802734,4.5043487548828125,8.677818298339844,0.10372066497802734,4.203873634338379,0.0,0.08900642395019531,4.512947082519531,8.649574279785156,2290.0
0.05504798889160156,4.214439392089844,0.0,0.05855560302734375,4.5190558433532715,8.707456588745117,0.09453201293945312,4.215313911437988,0.0,0.0823659896850586,4.5279083251953125,8.68087100982666,2300.0
0.06221771240234375,4.231866836547852,0.0,0.06226539611816406,4.558946132659912,8.727372169494629,0.10568809509277344,4.231472969055176,0.0,0.08738327026367188,4.566590309143066,8.699138641357422,2310.0
0.06485176086425781,4.247098445892334,0.0,0.06611442565917969,4.569615364074707,8.717304229736328,0.11083030700683594,4.246827125549316,0.0,0.09264564514160156,4.578836441040039,8.685758590698242,2320.0
0.05877685546875,4.210876941680908,0.0,0.05959320068359375,4.550299167633057,8.763503074645996,0.10032272338867188,4.210528373718262,0.0,0.0840616226196289,4.557938575744629,8.735559463500977,2330.0
0.055581092834472656,4.215003490447998,0.0,0.05667304992675781,4.528674125671387,8.761360168457031,0.09479808807373047,4.215116500854492,0.0,0.0800628662109375,4.536080360412598,8.735616683959961,2340.0
0.05445289611816406,4.228039741516113,0.0,0.058094024658203125,4.562882423400879,8.744485855102539,0.09269523620605469,4.228065490722656,0.0,0.08130359649658203,4.570886611938477,8.718423843383789,2350.0
0.05128288269042969,4.245869159698486,0.0,0.0557098388671875,4.559092998504639,8.805157661437988,0.08801937103271484,4.246040344238281,0.0,0.07815074920654297,4.56661319732666,8.781166076660156,2360.0
0.1741504669189453,4.236748218536377,0.0,0.14132404327392578,4.622299671173096,8.504049301147461,0.29311084747314453,4.219794273376465,0.0,0.19423770904541016,4.628708839416504,8.41146469116211,2370.0
0.05666065216064453,4.261410713195801,0.0,0.058879852294921875,4.587960243225098,8.796771049499512,0.097015380859375,4.261334419250488,0.0,0.0826730728149414,4.595515251159668,8.770668029785156,2380.0
0.05671501159667969,4.253516674041748,0.0,0.05911540985107422,4.567396640777588,8.784626960754395,0.0969390869140625,4.253652572631836,0.0,0.0830535888671875,4.575409889221191,8.757856369018555,2390.0
0.07286834716796875,4.24387788772583,0.0,0.07111930847167969,4.558915615081787,8.76589584350586,0.12433528900146484,4.241779327392578,0.0,0.09986495971679688,4.567066192626953,8.730481147766113,2400.0
0.06670284271240234,4.226185321807861,0.0,0.06653690338134766,4.513364315032959,8.702435493469238,0.11391258239746094,4.225098609924316,0.0,0.09360027313232422,4.52174186706543,8.670543670654297,2410.0
0.07067203521728516,4.207199573516846,0.0,0.07102394104003906,4.506767272949219,8.695653915405273,0.1211385726928711,4.205809593200684,-9.5367431640625e-07,0.09959983825683594,4.515779495239258,8.661153793334961,2420.0
0.08148002624511719,4.232570648193359,0.0,0.0791940689086914,4.5589776039123535,8.726819038391113,0.13874435424804688,4.229530334472656,0.0,0.1105966567993164,4.567354202270508,8.687505722045898,2430.0
0.095428466796875,4.213227272033691,0.0,0.0769510269165039,4.544739246368408,8.754379272460938,0.15897369384765625,4.2121124267578125,0.0,0.10944080352783203,4.552034378051758,8.714189529418945,2440.0
0.13398456573486328,4.175248146057129,0.0,0.10576915740966797,4.508862495422363,8.507997512817383,0.21985721588134766,4.168703079223633,0.0,0.14724063873291016,4.515964508056641,8.44865608215332,2450.0
0.06247711181640625,4.179803371429443,0.0,0.05789947509765625,4.496827125549316,8.755385398864746,0.1031656265258789,4.180238723754883,0.0,0.08165168762207031,4.504103660583496,8.72867202758789,2460.0
0.08034992218017578,4.205143451690674,0.0,0.06002044677734375,4.502796173095703,8.75352668762207,0.12725353240966797,4.232291221618652,0.0,0.08371257781982422,4.532425880432129,8.699954986572266,2470.0
0.08242511749267578,4.2028961181640625,0.0,0.06224346160888672,4.484137535095215,8.709150314331055,0.12679576873779297,4.236013412475586,0.0,0.08637428283691406,4.520120620727539,8.644001007080078,2480.0
0.08040142059326172,4.261099815368652,0.0,0.06227588653564453,4.546534061431885,8.785051345825195,0.12580204010009766,4.272148132324219,9.5367431640625e-07,0.08743667602539062,4.563192367553711,8.745627403259277,2490.0
0.08019828796386719,4.248754501342773,0.0,0.058066368103027344,4.529783248901367,8.728025436401367,0.12534523010253906,4.272115707397461,0.0,0.08163738250732422,4.553993225097656,8.680950164794922,2500.0
0.0779123306274414,4.213984489440918,0.0,0.05552864074707031,4.512022972106934,8.776839256286621,0.1228952407836914,4.23469352722168,0.0,0.07848167419433594,4.534706115722656,8.73412036895752,2510.0
0.07437992095947266,4.22435188293457,0.0,0.055634498596191406,4.520474433898926,8.735897064208984,0.11724567413330078,4.267436981201172,0.0,0.07740592956542969,4.556203842163086,8.660713195800781,2520.0
0.14236831665039062,4.2096734046936035,0.0,0.11612606048583984,4.540478229522705,8.53585433959961,0.23105621337890625,4.233860015869141,-9.5367431640625e-07,0.15866947174072266,4.578126907348633,8.4285888671875,2530.0
0.07592105865478516,4.213978290557861,0.0,0.06194591522216797,4.503431797027588,8.730183601379395,0.11932086944580078,4.232389450073242,0.0,0.08638763427734375,4.527301788330078,8.685123443603516,2540.0
0.08173656463623047,4.212334632873535,0.0,0.06132316589355469,4.503192901611328,8.771663665771484,0.13583087921142578,4.240849494934082,0.0,0.08548450469970703,4.531262397766113,8.713237762451172,2550.0
0.0648946762084961,4.175535202026367,0.0,0.053725242614746094,4.473916530609131,8.72132396697998,0.10283279418945312,4.204636573791504,0.0,0.07465648651123047,4.494950294494629,8.66963005065918,2560.0
0.07570457458496094,4.202748775482178,0.0,0.061504364013671875,4.487648963928223,8.723753929138184,0.12725448608398438,4.223452568054199,0.0,0.08780288696289062,4.509783744812012,8.67568588256836,2570.0
0.10081195831298828,4.186575412750244,0.0,0.0770730972290039,4.5172247886657715,8.702234268188477,0.16314697265625,4.206616401672363,9.5367431640625e-07,0.10892963409423828,4.539599418640137,8.640199661254883,2580.0
0.06221961975097656,4.178774356842041,0.0,0.06007957458496094,4.488746643066406,8.693208694458008,0.11062145233154297,4.215849876403809,-9.5367431640625e-07,0.08608150482177734,4.5189056396484375,8.629964828491211,2590.0
0.0829916000366211,4.1934099197387695,0.0,0.07240486145019531,4.474371433258057,8.704870223999023,0.13496780395507812,4.216727256774902,-9.5367431640625e-07,0.1009969711303711,4.498775482177734,8.648141860961914,2600.0
0.1607074737548828,4.205236434936523,0.0,0.1324596405029297,4.557377815246582,8.431360244750977,0.26480770111083984,4.205142021179199,0.0,0.18086814880371094,4.572579383850098,8.33802604675293,2610.0
0.09311389923095703,4.212225914001465,0.0,0.08455944061279297,4.527416229248047,8.674175262451172,0.15465068817138672,4.21470832824707,0.0,0.11753177642822266,4.540332794189453,8.626283645629883,2620.0
0.10802078247070312,4.165349006652832,0.0,0.09878730773925781,4.488098621368408,8.6381254196167,0.18709182739257812,4.166609764099121,0.0,0.1392202377319336,4.50434684753418,8.574481010437012,2630.0
0.07764911651611328,4.1855082511901855,0.0,0.07282733917236328,4.47885274887085,8.73231029510498,0.1353778839111328,4.188946723937988,0.0,0.10447883605957031,4.491560935974121,8.690433502197266,2640.0
0.11403751373291016,4.184216499328613,0.0,0.10300350189208984,4.499382495880127,8.58740520477295,0.19117450714111328,4.184945106506348,0.0,0.1422138214111328,4.515443801879883,8.526239395141602,2650.0
0.04848480224609375,4.191035270690918,0.0,0.05231666564941406,4.471092700958252,8.719006538391113,0.08667755126953125,4.19719123840332,0.0,0.0757131576538086,4.483440399169922,8.69249439239502,2660.0
0.10789871215820312,4.194505214691162,0.0,0.09497547149658203,4.511448383331299,8.610483169555664,0.18195247650146484,4.189822196960449,0.0,0.1327495574951172,4.5204010009765625,8.558185577392578,2670.0
0.05591773986816406,4.170245170593262,0.0,0.057763099670410156,4.481770992279053,8.74802303314209,0.09528827667236328,4.170126914978027,0.0,0.08125686645507812,4.489214897155762,8.721481323242188,2680.0
0.16174697875976562,4.17689847946167,0.0,0.1338520050048828,4.526769638061523,8.436279296875,0.2717905044555664,4.162035942077637,0.0,0.18434429168701172,4.532879829406738,8.353322982788086,2690.0
0.0821523666381836,4.181747913360596,0.0,0.07842540740966797,4.481479644775391,8.694631576538086,0.139892578125,4.185367584228516,0.0,0.10978126525878906,4.495974540710449,8.651095390319824,2700.0
0.13118362426757812,4.194113731384277,0.0,0.1141214370727539,4.4995527267456055,8.507816314697266,0.2194967269897461,4.184232711791992,0.0,0.1573781967163086,4.507476806640625,8.443463325500488,2710.0
0.056369781494140625,4.190270900726318,0.0,0.05803680419921875,4.4378204345703125,8.716354370117188,0.09971141815185547,4.203885078430176,0.0,0.0838623046875,4.456494331359863,8.678345680236816,2720.0
0.12275409698486328,4.219763278961182,0.0,0.10797500610351562,4.500683307647705,8.533950805664062,0.2059650421142578,4.2107391357421875,0.0,0.14956092834472656,4.50920295715332,8.472671508789062,2730.0
0.05642986297607422,4.223453521728516,0.0,0.058028221130371094,4.473505973815918,8.746429443359375,0.09960269927978516,4.2253522872924805,9.5367431640625e-07,0.08339786529541016,4.483089447021484,8.718151092529297,2740.0
0.1690511703491211,4.164561748504639,0.0,0.13479328155517578,4.489127159118652,8.481311798095703,0.28389835357666016,4.149377822875977,0.0,0.18649005889892578,4.495075225830078,8.395442008972168,2750.0
0.04939842224121094,4.167125225067139,0.0,0.04952430725097656,4.428592681884766,8.765607833862305,0.09329986572265625,4.177685737609863,0.0,0.0755167007446289,4.444155693054199,8.732492446899414,2760.0
0.05626869201660156,4.147890090942383,0.0,0.056349754333496094,4.426489353179932,8.75365161895752,0.10023117065429688,4.154294967651367,0.0,0.0821218490600586,4.439434051513672,8.72256088256836,2770.0
0.1407480239868164,4.156270980834961,0.0,0.11995983123779297,4.450226783752441,8.5141019821167,0.2372121810913086,4.146660804748535,0.0,0.16611289978027344,4.459907531738281,8.441848754882812,2780.0
0.1191549301147461,4.17661714553833,0.0,0.10653114318847656,4.45946741104126,8.5615816116333,0.20609283447265625,4.171233177185059,0.0,0.14983558654785156,4.470659255981445,8.497944831848145,2790.0
0.06651020050048828,4.169652938842773,0.0,0.0662240982055664,4.421238899230957,8.737765312194824,0.11381912231445312,4.168707847595215,0.0,0.0934133529663086,4.429391860961914,8.70594596862793,2800.0
0.13878154754638672,4.138299942016602,0.0,0.11992740631103516,4.421128273010254,8.486898422241211,0.23372459411621094,4.128227233886719,0.0,0.1657247543334961,4.430665969848633,8.415542602539062,2810.0
0.0773935317993164,4.130501747131348,0.0,0.07679557800292969,4.40370512008667,8.672884941101074,0.1317272186279297,4.128745079040527,0.0,0.10727787017822266,4.413249969482422,8.63467788696289,2820.0
0.056349754333496094,4.137380123138428,0.0,0.05770111083984375,4.381107330322266,8.721478462219238,0.09641838073730469,4.137270927429199,0.0,0.0816793441772461,4.388623237609863,8.694747924804688,2830.0
0.10161495208740234,4.165200233459473,0.0,0.09166526794433594,4.419311046600342,8.546892166137695,0.17193984985351562,4.161535263061523,0.0,0.12843894958496094,4.429132461547852,8.49690055847168,2840.0
0.11472702026367188,4.185674667358398,0.0,0.10159778594970703,4.435147762298584,8.547259330749512,0.19234180450439453,4.178537368774414,0.0,0.14106464385986328,4.443756103515625,8.491549491882324,2850.0
0.06335639953613281,4.163632392883301,0.0,0.0666646957397461,4.4180474281311035,8.736551284790039,0.10840988159179688,4.162888526916504,-9.5367431640625e-07,0.09333133697509766,4.427098274230957,8.70445728302002,2860.0
0.059264183044433594,4.1665825843811035,0.0,0.06189537048339844,4.4158430099487305,8.712560653686523,0.10097885131835938,4.166380882263184,0.0,0.08681774139404297,4.424053192138672,8.684898376464844,2870.0
0.07863140106201172,4.155197620391846,0.0,0.07630157470703125,4.407806396484375,8.640900611877441,0.1334085464477539,4.153017044067383,0.0,0.10687446594238281,4.416576385498047,8.60361099243164,2880.0
0.10063457489013672,4.143529891967773,0.0,0.09453201293945312,4.432467937469482,8.625786781311035,0.17087364196777344,4.138998985290527,0.0,0.1314868927001953,4.443031311035156,8.573823928833008,2890.0
0.07987689971923828,4.16806173324585,0.0,0.07810211181640625,4.40720272064209,8.67959213256836,0.1352977752685547,4.16605281829834,0.0,0.10891056060791016,4.416790962219238,8.641378402709961,2900.0
0.09912490844726562,4.185730457305908,0.0,0.0926980972290039,4.458221912384033,8.608809471130371,0.16895771026611328,4.180567741394043,-9.5367431640625e-07,0.12938690185546875,4.467800140380859,8.559253692626953,2910.0
0.05768394470214844,4.1274943351745605,0.0,0.060683250427246094,4.394840240478516,8.748286247253418,0.09797191619873047,4.12751579284668,0.0,0.08501625061035156,4.403059959411621,8.721284866333008,2920.0
0.048061370849609375,4.129142761230469,0.0,0.051072120666503906,4.369725227355957,8.823372840881348,0.0822610855102539,4.130189895629883,0.0,0.0722665786743164,4.37702751159668,8.800809860229492,2930.0
0.06421566009521484,4.107428073883057,0.0,0.06450653076171875,4.359649181365967,8.734130859375,0.10914993286132812,4.107549667358398,0.0,0.0907278060913086,4.368168830871582,8.70443058013916,2940.0
0.04120445251464844,4.126298904418945,0.0,0.046540260314941406,4.352621078491211,8.791332244873047,0.07066154479980469,4.1281232833862305,-9.5367431640625e-07,0.06556510925292969,4.360146522521973,8.772098541259766,2950.0
0.0858774185180664,4.112102508544922,0.0,0.08430671691894531,4.365566730499268,8.617105484008789,0.1456928253173828,4.110040664672852,0.0,0.11735153198242188,4.376513481140137,8.573911666870117,2960.0
0.05167675018310547,4.152441024780273,0.0,0.055138587951660156,4.395735263824463,8.779224395751953,0.08867454528808594,4.153156280517578,-9.5367431640625e-07,0.07783317565917969,4.404165267944336,8.753338813781738,2970.0
0.051654815673828125,4.158560276031494,0.0,0.053862571716308594,4.398209571838379,8.784750938415527,0.08803749084472656,4.159228324890137,0.0,0.07606697082519531,4.406034469604492,8.759268760681152,2980.0
0.054144859313964844,4.137826442718506,0.0,0.05717658996582031,4.376318454742432,8.752250671386719,0.09251689910888672,4.138034820556641,0.0,0.08045196533203125,4.384285926818848,8.726338386535645,2990.0
0.04796123504638672,4.120413303375244,0.0,0.053130149841308594,4.360705375671387,8.777955055236816,0.08265972137451172,4.12232780456543,0.0,0.07480812072753906,4.369660377502441,8.75403881072998,3000.0
0.045197486877441406,4.085803031921387,0.0,0.04692363739013672,4.313792705535889,8.775745391845703,0.0767669677734375,4.087896347045898,0.0,0.06664848327636719,4.321059226989746,8.756607055664062,3010.0
0.05654335021972656,4.1349778175354,0.0,0.05994224548339844,4.361883163452148,8.786230087280273,0.09665489196777344,4.1363067626953125,-9.5367431640625e-07,0.08414268493652344,4.371425628662109,8.75893497467041,3020.0
0.05224132537841797,4.151430606842041,0.0,0.05441761016845703,4.366745471954346,8.849029541015625,0.08977699279785156,4.152382850646973,0.0,0.07715511322021484,4.374982833862305,8.823455810546875,3030.0
0.06656551361083984,4.141203880310059,0.0,0.06656551361083984,4.3887434005737305,8.80638313293457,0.11361217498779297,4.140481948852539,0.0,0.09351444244384766,4.397433280944824,8.774980545043945,3040.0
0.060090065002441406,4.158356189727783,0.0,0.06044483184814453,4.390068531036377,8.823598861694336,0.10323810577392578,4.158525466918945,0.0,0.08564090728759766,4.398810386657715,8.793146133422852,3050.0
0.050034523010253906,4.121203899383545,0.0,0.05427265167236328,4.369297981262207,8.848267555236816,0.08580493927001953,4.1221923828125,0.0,0.07635879516601562,4.377599716186523,8.82558822631836,3060.0
0.037262916564941406,4.142369747161865,0.0,0.043060302734375,4.370306015014648,8.881912231445312,0.06425094604492188,4.145108222961426,0.0,0.060927391052246094,4.378207206726074,8.865138053894043,3070.0
0.043560028076171875,4.165622711181641,0.0,0.04707622528076172,4.373845100402832,8.835145950317383,0.07474231719970703,4.167180061340332,0.0,0.0667867660522461,4.381048202514648,8.815587997436523,3080.0
0.06927490234375,4.153717994689941,0.0,0.06892204284667969,4.370457172393799,8.738972663879395,0.11773300170898438,4.153469085693359,-9.5367431640625e-07,0.09670066833496094,4.380000114440918,8.706144332885742,3090.0
0.036202430725097656,4.165085792541504,0.0,0.04117774963378906,4.348215103149414,8.811088562011719,0.06225013732910156,4.167257308959961,0.0,0.058406829833984375,4.355434417724609,8.794771194458008,3100.0
0.05343818664550781,4.1454854011535645,0.0,0.05534076690673828,4.339974403381348,8.788789749145508,0.09097099304199219,4.14643669128418,0.0,0.07800769805908203,4.3482561111450195,8.764324188232422,3110.0
0.05879688262939453,4.079743385314941,0.0,0.05903053283691406,4.291187286376953,8.731019973754883,0.10007381439208984,4.081462860107422,0.0,0.0835123062133789,4.300594329833984,8.703653335571289,3120.0
0.09863567352294922,4.068979263305664,0.0,0.09108924865722656,4.302098751068115,8.622024536132812,0.16727066040039062,4.066184997558594,0.0,0.12721824645996094,4.313142776489258,8.573652267456055,3130.0
0.0682830810546875,4.085004806518555,-9.5367431640625e-07,0.06824874877929688,4.3000922203063965,8.749611854553223,0.1162099838256836,4.086095809936523,0.0,0.0958852767944336,4.310790061950684,8.71642017364502,3140.0
0.07509326934814453,4.0938944816589355,0.0,0.07455921173095703,4.32731294631958,8.732397079467773,0.12761783599853516,4.093844413757324,0.0,0.1042928695678711,4.338120460510254,8.695842742919922,3150.0
0.1154022216796875,4.089405536651611,0.0,0.10390186309814453,4.355897903442383,8.618975639343262,0.19541645050048828,4.0848541259765625,0.0,0.14442729949951172,4.367749214172363,8.559610366821289,3160.0
0.06673717498779297,4.115164756774902,0.0,0.06688213348388672,4.382870674133301,8.709334373474121,0.11330795288085938,4.116246223449707,0.0,0.09398651123046875,4.3928728103637695,8.677573204040527,3170.0
0.09442329406738281,4.065940856933594,0.0,0.08785152435302734,4.328124046325684,8.6092529296875,0.16047382354736328,4.0635223388671875,0.0,0.12298870086669922,4.338456153869629,8.563220977783203,3180.0
0.2568368911743164,4.050313949584961,0.0,0.18313884735107422,4.3646135330200195,8.242063522338867,0.42435646057128906,4.022120475769043,0.0,0.24976158142089844,4.365988731384277,8.108034133911133,3190.0
0.045142173767089844,4.088527679443359,0.0,0.04898357391357422,4.30892276763916,8.779815673828125,0.07726478576660156,4.090791702270508,0.0,0.06928253173828125,4.317293167114258,8.75979232788086,3200.0
0.15657329559326172,4.10221004486084,0.0,0.13390064239501953,4.358386993408203,8.435355186462402,0.26148509979248047,4.090099334716797,0.0,0.18343162536621094,4.3691301345825195,8.353825569152832,3210.0
0.07650184631347656,4.102488994598389,0.0,0.07586956024169922,4.324935436248779,8.680195808410645,0.13050365447998047,4.10198974609375,9.5367431640625e-07,0.10628128051757812,4.335587501525879,8.64421272277832,3220.0
0.06748771667480469,4.114035606384277,0.0,0.07007789611816406,4.337320327758789,8.75645923614502,0.11525440216064453,4.114105224609375,0.0,0.09794330596923828,4.347766876220703,8.723578453063965,3230.0
0.05783271789550781,4.066233158111572,0.0,0.059172630310058594,4.290948867797852,8.760380744934082,0.0982046127319336,4.067660331726074,0.0,0.08337020874023438,4.300054550170898,8.734106063842773,3240.0
0.04738807678222656,4.063594341278076,0.0,0.05053138732910156,4.267367839813232,8.759744644165039,0.08112907409667969,4.066259384155273,0.0,0.07161521911621094,4.276244163513184,8.73806381225586,3250.0
0.0853719711303711,4.050874710083008,0.0,0.08182907104492188,4.281367778778076,8.661077499389648,0.1438455581665039,4.050509452819824,0.0,0.11414909362792969,4.29262638092041,8.619054794311523,3260.0
0.07965278625488281,4.069557189941406,0.0,0.0800619125366211,4.308290004730225,8.684179306030273,0.13529014587402344,4.069009780883789,0.0,0.11147117614746094,4.319788932800293,8.644279479980469,3270.0
0.06539440155029297,4.060770034790039,0.0,0.0653219223022461,4.303311824798584,8.768826484680176,0.11129093170166016,4.06233024597168,0.0,0.0919198989868164,4.313915252685547,8.73727035522461,3280.0
0.043747901916503906,4.031362533569336,0.0,0.04651069641113281,4.26936149597168,8.747754096984863,0.07443523406982422,4.033679962158203,0.0,0.06592941284179688,4.2770891189575195,8.72906494140625,3290.0
0.049755096435546875,4.049617767333984,0.0,0.05247783660888672,4.280951499938965,8.738737106323242,0.08470821380615234,4.051935195922852,0.0,0.0740957260131836,4.2899370193481445,8.71571159362793,3300.0
0.04226207733154297,4.064748287200928,0.0,0.047039031982421875,4.268979072570801,8.766059875488281,0.07238388061523438,4.067481994628906,0.0,0.06647682189941406,4.277310371398926,8.746316909790039,3310.0
0.042113304138183594,4.064953327178955,0.0,0.045398712158203125,4.2699503898620605,8.808511734008789,0.07201194763183594,4.067927360534668,0.0,0.06451129913330078,4.278200149536133,8.789499282836914,3320.0
0.04914569854736328,4.064419746398926,0.0,0.05181598663330078,4.269999027252197,8.748150825500488,0.08381462097167969,4.067554473876953,-9.5367431640625e-07,0.07323455810546875,4.2793169021606445,8.725200653076172,3330.0
0.039656639099121094,4.08666467666626,0.0,0.04384136199951172,4.300642967224121,8.769571304321289,0.06727886199951172,4.08942985534668,0.0,0.061980247497558594,4.308462142944336,8.752479553222656,3340.0
0.07361793518066406,4.039575576782227,0.0,0.07114601135253906,4.274116516113281,8.671700477600098,0.12239265441894531,4.040498733520508,-9.5367431640625e-07,0.09915637969970703,4.284893989562988,8.638553619384766,3350.0
0.060715675354003906,4.034772872924805,0.0,0.048630714416503906,4.2498393058776855,8.767227172851562,0.09888267517089844,4.044897079467773,0.0,0.06918048858642578,4.263031005859375,8.743467330932617,3360.0
0.140960693359375,4.006259441375732,0.0,0.10886669158935547,4.260515213012695,8.473569869995117,0.22474002838134766,4.019269943237305,0.0,0.1500396728515625,4.287535667419434,8.402885437011719,3370.0
0.07227420806884766,4.049708366394043,0.0,0.05103778839111328,4.245203018188477,8.757874488830566,0.1063528060913086,4.075481414794922,0.0,0.0712881088256836,4.273695945739746,8.714279174804688,3380.0
0.1186666488647461,4.0393171310424805,0.0,0.06955432891845703,4.263608455657959,8.725680351257324,0.1771392822265625,4.088519096374512,0.0,0.098541259765625,4.300546646118164,8.635433197021484,3390.0
0.10029792785644531,4.061964988708496,0.0,0.059609413146972656,4.278181076049805,8.751053810119629,0.15093994140625,4.2083282470703125,0.0,0.08066463470458984,4.34470272064209,8.515449523925781,3400.0
0.10536479949951172,4.062024116516113,0.0,0.06484317779541016,4.301457405090332,8.741833686828613,0.15504074096679688,4.157415390014648,0.0,0.08911705017089844,4.373445510864258,8.58529281616211,3410.0
0.11545562744140625,4.025583267211914,0.0,0.07287788391113281,4.258724212646484,8.662313461303711,0.19240093231201172,4.089489936828613,0.0,0.10287857055664062,4.31260871887207,8.55419635772705,3420.0
0.07025432586669922,4.034270286560059,0.0,0.044818878173828125,4.245094299316406,8.729884147644043,0.10878276824951172,4.068770408630371,-9.5367431640625e-07,0.06609439849853516,4.267541885375977,8.675554275512695,3430.0
0.06571102142333984,4.04086446762085,0.0,0.04801368713378906,4.2405619621276855,8.733729362487793,0.097991943359375,4.08013916015625,0.0,0.06700897216796875,4.270251274108887,8.676392555236816,3440.0
0.08176326751708984,4.0320234298706055,0.0,0.05562591552734375,4.252729415893555,8.728009223937988,0.13686180114746094,4.046328544616699,0.0,0.08359336853027344,4.269103050231934,8.690807342529297,3450.0
0.06428718566894531,4.035231113433838,0.0,0.054001808166503906,4.2533416748046875,8.78784465789795,0.10332107543945312,4.048879623413086,-9.5367431640625e-07,0.07614898681640625,4.271490097045898,8.75844955444336,3460.0
0.053043365478515625,4.060484886169434,0.0,0.04645824432373047,4.254306316375732,8.8013916015625,0.09199810028076172,4.0666303634643555,0.0,0.06568431854248047,4.263349533081055,8.780919075012207,3470.0
0.054627418518066406,4.0269060134887695,0.0,0.047428131103515625,4.240676403045654,8.77452564239502,0.0917806625366211,4.0594377517700195,0.0,0.06921768188476562,4.265323638916016,8.72121810913086,3480.0
0.047458648681640625,4.043482303619385,0.0,0.04801654815673828,4.236616611480713,8.832862854003906,0.08353519439697266,4.064310073852539,0.0,0.07035064697265625,4.2577314376831055,8.79144287109375,3490.0
0.05105018615722656,4.04459285736084,0.0,0.047287940979003906,4.246792316436768,8.769811630249023,0.08805274963378906,4.053540229797363,0.0,0.06987285614013672,4.259957313537598,8.744144439697266,3500.0
0.04333782196044922,4.037494659423828,0.0,0.04405403137207031,4.250985145568848,8.817975997924805,0.07223796844482422,4.040493011474609,0.0,0.06251049041748047,4.258594512939453,8.800520896911621,3510.0
0.06286430358886719,4.002463340759277,0.0,0.0565948486328125,4.234226226806641,8.742501258850098,0.10085868835449219,4.023564338684082,-9.5367431640625e-07,0.079376220703125,4.253805160522461,8.701723098754883,3520.0
0.05196094512939453,4.005215167999268,0.0,0.046616554260253906,4.23141622543335,8.752049446105957,0.08767414093017578,4.017202377319336,0.0,0.06858253479003906,4.247336387634277,8.727865219116211,3530.0
0.0582733154296875,4.019290447235107,0.0,0.05463981628417969,4.224808216094971,8.776206016540527,0.1019601821899414,4.028820037841797,0.0,0.0802450180053711,4.240226745605469,8.7445707321167,3540.0
0.049643516540527344,4.020576000213623,0.0,0.05108833312988281,4.231253147125244,8.752897262573242,0.09142875671386719,4.030078887939453,0.0,0.07480907440185547,4.24507999420166,8.725284576416016,3550.0
0.06484031677246094,4.030274391174316,0.0,0.06357479095458984,4.235495567321777,8.698257446289062,0.10981273651123047,4.03245735168457,0.0,0.08991622924804688,4.245649337768555,8.668027877807617,3560.0
0.058783531188964844,4.0186285972595215,0.0,0.05644798278808594,4.2125749588012695,8.722331047058105,0.09751701354980469,4.021042823791504,9.5367431640625e-07,0.0799112319946289,4.2216291427612305,8.697019577026367,3570.0
0.043343544006347656,4.018475532531738,0.0,0.04599475860595703,4.211571216583252,8.72437572479248,0.08278274536132812,4.026650428771973,0.0,0.0703887939453125,4.224987030029297,8.698200225830078,3580.0
0.03468608856201172,4.058216094970703,0.0,0.037517547607421875,4.247783184051514,8.751547813415527,0.06057929992675781,4.067752838134766,0.0,0.05350017547607422,4.259644508361816,8.733539581298828,3590.0
0.034012794494628906,4.009023666381836,0.0,0.038491249084472656,4.207854270935059,8.745140075683594,0.05785083770751953,4.011996269226074,0.0,0.054566383361816406,4.214848518371582,8.730273246765137,3600.0
0.04882621765136719,4.021294593811035,0.0,0.05049610137939453,4.209242820739746,8.781333923339844,0.09264469146728516,4.042123794555664,0.0,0.07663822174072266,4.235387802124023,8.737947463989258,3610.0
0.03911876678466797,4.027744293212891,0.0,0.043532371520996094,4.208033084869385,8.731611251831055,0.07172679901123047,4.0366058349609375,0.0,0.06436347961425781,4.221691131591797,8.708428382873535,3620.0
0.036182403564453125,4.055600166320801,0.0,0.04065227508544922,4.248305320739746,8.835108757019043,0.06202983856201172,4.059125900268555,0.0,0.05774879455566406,4.256330490112305,8.818243980407715,3630.0
0.03309345245361328,4.0528669357299805,0.0,0.037120819091796875,4.265192985534668,8.853416442871094,0.05669975280761719,4.055981636047363,0.0,0.05292797088623047,4.272284507751465,8.838638305664062,3640.0
0.039216041564941406,4.055237293243408,0.0,0.04321002960205078,4.256759166717529,8.822330474853516,0.06706428527832031,4.057843208312988,0.0,0.061303138732910156,4.264324188232422,8.804962158203125,3650.0
